"LowerTaxon","UpperTaxon","SeasonDom","G","E","H"
"Anthus_sp.","Accipiter_gentilis","S",9.44241032797312,1,1.20985914214938e-05
"Arvicola_terrestris","Accipiter_gentilis","W",138.842763565598,0.525951596181143,1.20985914214938e-05
"Bonasa_bonasia","Accipiter_gentilis","W",83.8127551562811,0.848852618807072,1.20985914214938e-05
"Carduelis_chloris","Accipiter_gentilis","W",1484.49600929708,0.848852618807072,1.20985914214938e-05
"Clethrionomys_glareolus","Accipiter_gentilis","W",5.98426183219841,0.561945089484333,1.20985914214938e-05
"Coccothraustes_coccothraustes","Accipiter_gentilis","W",329.493672274305,0.848852618807072,1.20985914214938e-05
"Columba_palumbus","Accipiter_gentilis","W",819.683069621082,0.848852618807072,1.20985914214938e-05
"Corvus_corone","Accipiter_gentilis","W",9800.79891611712,0.848852618807072,1.20985914214938e-05
"Corvus_frugilegus","Accipiter_gentilis","W",8239.60970824006,0.848852618807072,1.20985914214938e-05
"Cuculus_canorus","Accipiter_gentilis","S",74.0682544884795,1,1.20985914214938e-05
"Dendrocopos_leucotos","Accipiter_gentilis","W",25937.1142744385,0.848852618807072,1.20985914214938e-05
"Dendrocopos_major","Accipiter_gentilis","W",3028.83216780613,0.848852618807072,1.20985914214938e-05
"Dendrocopos_medius","Accipiter_gentilis","W",8952.65285606852,0.848852618807072,1.20985914214938e-05
"Dryocopus_martius","Accipiter_gentilis","W",955.649747685907,0.848852618807072,1.20985914214938e-05
"Dryomys_nitedula","Accipiter_gentilis","W",265.434695051878,0.525951596181144,1.20985914214938e-05
"Erithacus_rubecula","Accipiter_gentilis","S",0.219534758622154,1,1.20985914214938e-05
"Ficedula_hypoleuca","Accipiter_gentilis","S",3.94068334252104,1,1.20985914214938e-05
"Fringilla_coelebs","Accipiter_gentilis","S",3.41390462800924,1,1.20985914214938e-05
"Garrulus_glandarius","Accipiter_gentilis","W",10119.5568882757,0.848852618807072,1.20985914214938e-05
"Jynx_torquilla","Accipiter_gentilis","S",128.496789196596,1,1.20985914214938e-05
"Larus_ridibundus","Accipiter_gentilis","S",991.054109352895,1,1.20985914214938e-05
"Lepus_europaeus","Accipiter_gentilis","W",128.502273279462,0.125717985536003,1.20985914214938e-05
"Micromys_minutus","Accipiter_gentilis","W",10.7292248280946,0.604423560988839,1.20985914214938e-05
"Microtus_oeconomus","Accipiter_gentilis","W",21.4162196473577,0.595620125320155,1.20985914214938e-05
"Natrix_natrix","Accipiter_gentilis","W",0.670967580759896,0.125717985536003,1.20985914214938e-05
"Nucifraga_caryocatactes","Accipiter_gentilis","W",1262.00046284339,0.848852618807072,1.20985914214938e-05
"Oriolus_oriolus","Accipiter_gentilis","S",136.63558455808,1,1.20985914214938e-05
"Parus_major","Accipiter_gentilis","W",84.8530818962459,0.848852618807072,1.20985914214938e-05
"Phylloscopus_sibilatrix","Accipiter_gentilis","S",0.214004993199683,1,1.20985914214938e-05
"Picus_viridis","Accipiter_gentilis","W",2738.45852067979,0.848852618807072,1.20985914214938e-05
"Rana_temporaria","Accipiter_gentilis","W",0.152315312484496,0.58871213377651,1.20985914214938e-05
"Sciurus_vulgaris","Accipiter_gentilis","W",82.2908491660621,0.125717985536002,1.20985914214938e-05
"Sitta_europaea","Accipiter_gentilis","W",16.6931278153888,0.848852618807072,1.20985914214938e-05
"Sturnus_vulgaris","Accipiter_gentilis","S",36.8530944993307,1,1.20985914214938e-05
"Talpa_europaea","Accipiter_gentilis","W",7.17765477018065,0.731108955476142,1.20985914214938e-05
"Turdus_iliacus","Accipiter_gentilis","S",1069.37449489446,1,1.20985914214938e-05
"Turdus_merula","Accipiter_gentilis","S",139.733563078443,1,1.20985914214938e-05
"Turdus_philomelos","Accipiter_gentilis","S",55.9674457258566,1,1.20985914214938e-05
"Undet._birds","Accipiter_gentilis","W",1468.80184439068,0.848852618807072,1.20985914214938e-05
"Vanellus_vanellus","Accipiter_gentilis","S",351.824208820278,1,1.20985914214938e-05
"Aegithalos_caudatus","Accipiter_nisus","W",54.7364781164549,0.882280506875798,2.18131053136725e-05
"Alauda_arvensis","Accipiter_nisus","S",232.711643705491,1,2.18131053136725e-05
"Anthus_sp.","Accipiter_nisus","S",27.2683584653295,1,2.18131053136725e-05
"Apodemus_sylvaticus","Accipiter_nisus","W",402.130980815522,0.615958727620617,2.18131053136725e-05
"Carduelis_chloris","Accipiter_nisus","W",4128.2754477372,0.882280506875797,2.18131053136725e-05
"Certhia_familiaris","Accipiter_nisus","W",96.7887663100818,0.882280506875797,2.18131053136725e-05
"Clethrionomys_glareolus","Accipiter_nisus","W",7.58891786627754,0.646700439595261,2.18131053136725e-05
"Coccothraustes_coccothraustes","Accipiter_nisus","W",593.896813913753,0.882280506875798,2.18131053136725e-05
"Columba_livia","Accipiter_nisus","W",6095.23154618828,0.882280506875798,2.18131053136725e-05
"Dendrocopos_major","Accipiter_nisus","W",1423.73943951247,0.882280506875798,2.18131053136725e-05
"Dendrocopos_medius","Accipiter_nisus","W",3424.93963071532,0.882280506875798,2.18131053136725e-05
"Dendrocopos_minor","Accipiter_nisus","W",32427.6199078365,0.882280506875798,2.18131053136725e-05
"Emberiza_citrinella","Accipiter_nisus","W",1362.40692492543,0.882280506875798,2.18131053136725e-05
"Emberiza_schoeniclus","Accipiter_nisus","S",64.1426159354912,1,2.18131053136725e-05
"Erithacus_rubecula","Accipiter_nisus","S",32.4917637177515,1,2.18131053136725e-05
"Ficedula_hypoleuca","Accipiter_nisus","S",56.9007076847097,1,2.18131053136725e-05
"Fringilla_coelebs","Accipiter_nisus","S",22.4905663346858,1,2.18131053136725e-05
"Garrulus_glandarius","Accipiter_nisus","W",692.884040565462,0.882280506875798,2.18131053136725e-05
"Hippolais_icterina","Accipiter_nisus","S",46.7608172136497,1,2.18131053136725e-05
"Hirundo_rustica","Accipiter_nisus","S",142.539146523313,1,2.18131053136725e-05
"Lanius_collurio","Accipiter_nisus","S",126.515780396899,1,2.18131053136725e-05
"Microtus_oeconomus","Accipiter_nisus","W",19.2509535635567,0.675214798121341,2.18131053136725e-05
"Motacilla_flava","Accipiter_nisus","S",4703.79183526933,1,2.18131053136725e-05
"Nucifraga_caryocatactes","Accipiter_nisus","W",454.939270224536,0.882280506875798,2.18131053136725e-05
"Oriolus_oriolus","Accipiter_nisus","S",13.4517419381731,1,2.18131053136725e-05
"Parus_caeruleus","Accipiter_nisus","W",3385.28195699598,0.882280506875798,2.18131053136725e-05
"Parus_major","Accipiter_nisus","W",2497.35181406325,0.882280506875798,2.18131053136725e-05
"Phylloscopus_collybita","Accipiter_nisus","S",10.5384880915454,1,2.18131053136725e-05
"Phylloscopus_sibilatrix","Accipiter_nisus","S",3.86260278443649,1,2.18131053136725e-05
"Picoides_tridactylus","Accipiter_nisus","W",6035.5579506312,0.882280506875799,2.18131053136725e-05
"Prunella_modularis","Accipiter_nisus","W",276.949296284256,0.882280506875797,2.18131053136725e-05
"Pyrrhula_pyrrhula","Accipiter_nisus","W",693.240792723101,0.882280506875798,2.18131053136725e-05
"Regulus_regulus","Accipiter_nisus","W",12.744902347021,0.882280506875799,2.18131053136725e-05
"Riparia_riparia","Accipiter_nisus","S",1953.88276234265,1,2.18131053136725e-05
"Scolopax_rusticola","Accipiter_nisus","W",82.5918456402164,0.882280506875798,2.18131053136725e-05
"Sicista_betulina","Accipiter_nisus","W",1.27242702719289,0.679930553269941,2.18131053136725e-05
"Sitta_europaea","Accipiter_nisus","W",1392.67123538123,0.882280506875798,2.18131053136725e-05
"Sturnus_vulgaris","Accipiter_nisus","S",22.1722031341257,1,2.18131053136725e-05
"Sylvia_atricapilla","Accipiter_nisus","W",147.910060827437,0.882280506875798,2.18131053136725e-05
"Sylvia_communis","Accipiter_nisus","S",220.49024227825,1,2.18131053136725e-05
"Tringa_ochropus","Accipiter_nisus","S",46.1156062281307,1,2.18131053136725e-05
"Troglodytes_troglodytes","Accipiter_nisus","W",140.038419480183,0.882280506875797,2.18131053136725e-05
"Turdus_merula","Accipiter_nisus","S",57.4332428175826,1,2.18131053136725e-05
"Turdus_philomelos","Accipiter_nisus","S",33.7825137285031,1,2.18131053136725e-05
"Undet._bats","Accipiter_nisus","W",28.723641486823,0.615958727620618,2.18131053136725e-05
"Undet._birds","Accipiter_nisus","W",1076.9587506431,0.882280506875798,2.18131053136725e-05
"Apodemus_flavicollis","Aegolius_funereus","W",11.1477145117104,0.629549165170005,2.75238700763237e-05
"Apodemus_sylvaticus","Aegolius_funereus","W",2118.96519931767,0.441753181328199,2.75238700763237e-05
"Certhia_familiaris","Aegolius_funereus","W",53.9297370685298,0.815055410904739,2.75238700763237e-05
"Clethrionomys_glareolus","Aegolius_funereus","W",28.5166805920254,0.481969381667035,2.75238700763237e-05
"Dendrocopos_medius","Aegolius_funereus","W",96.3345856144819,0.815055410904739,2.75238700763237e-05
"Erithacus_rubecula","Aegolius_funereus","S",2.77489155922119,1,2.75238700763237e-05
"Micromys_minutus","Aegolius_funereus","W",14.2637098954585,0.529868876846444,2.75238700763237e-05
"Microtus_agrestis","Aegolius_funereus","W",64.4211190245649,0.525209640858713,2.75238700763237e-05
"Microtus_arvalis","Aegolius_funereus","W",208.593456474367,0.518483619453493,2.75238700763237e-05
"Parus_caeruleus","Aegolius_funereus","W",278.9517854537,0.81505541090474,2.75238700763237e-05
"Parus_major","Aegolius_funereus","W",191.742066730486,0.815055410904739,2.75238700763237e-05
"Phylloscopus_sibilatrix","Aegolius_funereus","S",0.338124503033173,1,2.75238700763237e-05
"Pitymys_subterraneus","Aegolius_funereus","W",7.36012870355096,0.524188760103814,2.75238700763237e-05
"Regulus_regulus","Aegolius_funereus","W",124.273322493815,0.815055410904739,2.75238700763237e-05
"Sicista_betulina","Aegolius_funereus","W",7.52508599148976,0.526235808720111,2.75238700763237e-05
"Sorex_araneus","Aegolius_funereus","W",0.516791044208853,0.67560322355459,2.75238700763237e-05
"Sorex_minutus","Aegolius_funereus","W",15.5037313262656,0.67560322355459,2.75238700763237e-05
"Turdus_philomelos","Aegolius_funereus","S",1.01474385357162,1,2.75238700763237e-05
"Undet._birds","Aegolius_funereus","W",85.5023010832996,0.81505541090474,2.75238700763237e-05
"Alauda_arvensis","Aquila_pomarina","S",591.663226252572,1,2.14436463119287e-05
"Apodemus_flavicollis","Aquila_pomarina","S",0.359830141279734,1,2.14436463119287e-05
"Apodemus_sylvaticus","Aquila_pomarina","S",245.404156352779,1,2.14436463119287e-05
"Arvicola_terrestris","Aquila_pomarina","S",951.413036936926,1,2.14436463119287e-05
"Carduelis_chloris","Aquila_pomarina","S",102.96562682632,1,2.14436463119287e-05
"Certhia_familiaris","Aquila_pomarina","S",1.44843765185189,1,2.14436463119287e-05
"Clethrionomys_glareolus","Aquila_pomarina","S",3.80937824403823,1,2.14436463119287e-05
"Corvus_corone","Aquila_pomarina","S",226.596635598133,1,2.14436463119287e-05
"Dendrocopos_major","Aquila_pomarina","S",8.93965132135491,1,2.14436463119287e-05
"Emberiza_citrinella","Aquila_pomarina","S",25.4854148166804,1,2.14436463119287e-05
"Emberiza_schoeniclus","Aquila_pomarina","S",163.080911983506,1,2.14436463119287e-05
"Erinaceus_concolor","Aquila_pomarina","S",0.286185605076126,1,2.14436463119287e-05
"Garrulus_glandarius","Aquila_pomarina","S",5.31741796175116,1,2.14436463119287e-05
"Glis_glis","Aquila_pomarina","S",61.3510390881946,1,2.14436463119287e-05
"Lepus_europaeus","Aquila_pomarina","S",210.908843313121,1,2.14436463119287e-05
"Micromys_minutus","Aquila_pomarina","S",1.94765203454587,1,2.14436463119287e-05
"Microtus_agrestis","Aquila_pomarina","S",100.90038734035,1,2.14436463119287e-05
"Microtus_arvalis","Aquila_pomarina","S",834.344439626503,1,2.14436463119287e-05
"Microtus_oeconomus","Aquila_pomarina","S",308.659478705519,1,2.14436463119287e-05
"Mus_musculus","Aquila_pomarina","S",122.70207817639,1,2.14436463119287e-05
"Natrix_natrix","Aquila_pomarina","S",4.84549547714248,1,2.14436463119287e-05
"Neomys_anomalus","Aquila_pomarina","S",1.55812162763669,1,2.14436463119287e-05
"Neomys_fodiens","Aquila_pomarina","S",0.375618606662416,1,2.14436463119287e-05
"Perdix_perdix","Aquila_pomarina","S",2391.85337575807,1,2.14436463119287e-05
"Pitymys_subterraneus","Aquila_pomarina","S",39.1207008373631,1,2.14436463119287e-05
"Rana_arvalis","Aquila_pomarina","S",16.9976904833094,1,2.14436463119287e-05
"Rana_temporaria","Aquila_pomarina","S",0.977419471211207,1,2.14436463119287e-05
"Rattus_norvegicus","Aquila_pomarina","S",25.3320419460933,1,2.14436463119287e-05
"Saxicola_rubetra","Aquila_pomarina","S",259.9840625824,1,2.14436463119287e-05
"Sciurus_vulgaris","Aquila_pomarina","S",2.3582381391258,1,2.14436463119287e-05
"Sorex_araneus","Aquila_pomarina","S",7.95291247439558,1,2.14436463119287e-05
"Sorex_caecutiens","Aquila_pomarina","S",24.3066973911323,1,2.14436463119287e-05
"Sorex_minutus","Aquila_pomarina","S",7.79060813818345,1,2.14436463119287e-05
"Sturnus_vulgaris","Aquila_pomarina","S",22.5488970479986,1,2.14436463119287e-05
"Talpa_europaea","Aquila_pomarina","S",17.1229366237127,1,2.14436463119287e-05
"Turdus_merula","Aquila_pomarina","S",44.4416327190599,1,2.14436463119287e-05
"Turdus_philomelos","Aquila_pomarina","S",25.2621034053622,1,2.14436463119287e-05
"Undet._birds","Aquila_pomarina","S",148.640314005034,1,2.14436463119287e-05
"Apodemus_flavicollis","Asio_otus","S",5.32737242776645,0.202832097374698,1.64104583851288e-05
"Arvicola_terrestris","Asio_otus","S",98.6571775161742,0.439770626626929,1.64104583851288e-05
"Clethrionomys_glareolus","Asio_otus","S",1.9429893556284,0.397610046593387,1.64104583851288e-05
"Microtus_agrestis","Asio_otus","S",27.1176968073194,0.347718820264941,1.64104583851288e-05
"Microtus_arvalis","Asio_otus","S",1321.58586740294,0.355818240971695,1.64104583851288e-05
"Microtus_oeconomus","Asio_otus","S",258.010827536417,0.35412021627759,1.64104583851288e-05
"Mus_musculus","Asio_otus","S",1154.28897693924,0.439770626626929,1.64104583851288e-05
"Undet._birds","Asio_otus","W",4.67230304961852,0.193098928050405,1.64104583851288e-05
"Anthus_sp.","Buteo_buteo","S",6.54755659635985,1,2.03962481101601e-05
"Apodemus_flavicollis","Buteo_buteo","W",9.19815534914553,0.330056393109704,2.03962481101601e-05
"Arvicola_terrestris","Buteo_buteo","S",22.8198262982253,1,2.03962481101601e-05
"Bonasa_bonasia","Buteo_buteo","S",2.19607488325114,1,2.03962481101601e-05
"Bufo_sp.","Buteo_buteo","S",3.1238091457732,1,2.03962481101601e-05
"Clethrionomys_glareolus","Buteo_buteo","S",14.4765762203855,0.799769433881176,2.03962481101601e-05
"Coccothraustes_coccothraustes","Buteo_buteo","S",5.75562972901153,1,2.03962481101601e-05
"Columba_palumbus","Buteo_buteo","S",8.81126713427969,1,2.03962481101601e-05
"Dendrocopos_major","Buteo_buteo","S",114.821519913241,1,2.03962481101601e-05
"Emberiza_citrinella","Buteo_buteo","W",99.1383574767461,1,2.03962481101601e-05
"Erinaceus_concolor","Buteo_buteo","S",0.60542396301414,1,2.03962481101601e-05
"Erithacus_rubecula","Buteo_buteo","S",3.04459604490692,1,2.03962481101601e-05
"Fringilla_coelebs","Buteo_buteo","S",2.36726990144091,1,2.03962481101601e-05
"Garrulus_glandarius","Buteo_buteo","S",44.192367996444,1,2.03962481101601e-05
"Micromys_minutus","Buteo_buteo","W",33.5564106061603,0.122959488104289,2.03962481101601e-05
"Microtus_agrestis","Buteo_buteo","W",99.7326639930377,0.506239133118158,2.03962481101601e-05
"Microtus_arvalis","Buteo_buteo","W",2256.77373167379,0.848905583480686,2.03962481101601e-05
"Microtus_oeconomus","Buteo_buteo","W",569.491457182547,0.764497743926987,2.03962481101601e-05
"Natrix_natrix","Buteo_buteo","S",3.45754943912504,1,2.03962481101601e-05
"Neomys_fodiens","Buteo_buteo","S",1.89194988441918,1,2.03962481101601e-05
"Parus_major","Buteo_buteo","S",17.7866694940485,1,2.03962481101601e-05
"Perdix_perdix","Buteo_buteo","S",240.950082746044,1,2.03962481101601e-05
"Phylloscopus_sibilatrix","Buteo_buteo","S",1.48395352056185,1,2.03962481101601e-05
"Pitymys_subterraneus","Buteo_buteo","S",9.45824141166678,1,2.03962481101601e-05
"Prunella_modularis","Buteo_buteo","S",0.521888415651324,1,2.03962481101601e-05
"Rana_arvalis","Buteo_buteo","S",2.67548468503723,1,2.03962481101601e-05
"Rana_temporaria","Buteo_buteo","S",0.0347516829938416,1,2.03962481101601e-05
"Sciurus_vulgaris","Buteo_buteo","S",0.66814806729038,1,2.03962481101601e-05
"Sorex_araneus","Buteo_buteo","S",1.65545614886679,1,2.03962481101601e-05
"Sorex_minutus","Buteo_buteo","W",11.6207511898324,0.544137931374972,2.03962481101601e-05
"Talpa_europaea","Buteo_buteo","S",37.8342132065241,0.910136260477665,2.03962481101601e-05
"Troglodytes_troglodytes","Buteo_buteo","S",15.8334604608235,1,2.03962481101601e-05
"Turdus_merula","Buteo_buteo","S",64.2762533947492,1,2.03962481101601e-05
"Turdus_philomelos","Buteo_buteo","S",68.0747133716669,1,2.03962481101601e-05
"Undet._amphibians","Buteo_buteo","S",0.975847835121472,1,2.03962481101601e-05
"Undet._birds","Buteo_buteo","S",61.2810825591273,0.443417567425645,2.03962481101601e-05
"Upupa_epops","Buteo_buteo","S",903.562810297664,1,2.03962481101601e-05
"Bison_bonasus","Canis_lupus","W",58.112744449443,1,4.26908194246644e-07
"Capreolus_capreolus","Canis_lupus","W",4307.18875798729,0.393703616613573,4.26908194246644e-07
"Castor_fiber","Canis_lupus","S",46.6655962483678,1,4.26908194246644e-07
"Cervus_elaphus","Canis_lupus","W",1039.18586518849,0.120962226160923,4.26908194246644e-07
"Clethrionomys_glareolus","Canis_lupus","W",4.55677137008272,0.474711951625858,4.26908194246644e-07
"Dendrocopos_major","Canis_lupus","W",256.973883801139,1,4.26908194246644e-07
"Erinaceus_concolor","Canis_lupus","W",11.5459939301344,1,4.26908194246644e-07
"Lepus_europaeus","Canis_lupus","S",2801.59451468891,0.797520158596443,4.26908194246644e-07
"Microtus_oeconomus","Canis_lupus","W",737.024054225083,1,4.26908194246644e-07
"Natrix_natrix","Canis_lupus","W",1.61798842927126,0.00685069581184143,4.26908194246644e-07
"Sciurus_vulgaris","Canis_lupus","W",1.78390807118744,1,4.26908194246644e-07
"Sitta_europaea","Canis_lupus","W",665.655241171625,1,4.26908194246644e-07
"Sorex_araneus","Canis_lupus","W",14.733169337932,1,4.26908194246644e-07
"Sus_scrofa","Canis_lupus","W",556.984724127023,0.124995158965614,4.26908194246644e-07
"Undet._amphibians","Canis_lupus","W",3.11472515803315,0.50493429213601,4.26908194246644e-07
"Undet._birds","Canis_lupus","S",102.840088895965,0.0663532968407989,4.26908194246644e-07
"Alauda_arvensis","Falco_subbuteo","S",1849.99319755795,1,3.35606789660962e-05
"Anthus_sp.","Falco_subbuteo","S",30.0812382173308,1,3.35606789660962e-05
"Carduelis_cannabina","Falco_subbuteo","S",4416.83895075004,1,3.35606789660962e-05
"Carduelis_carduelis","Falco_subbuteo","S",1181.60137659268,1,3.35606789660962e-05
"Carduelis_chloris","Falco_subbuteo","S",385.772147546599,1,3.35606789660962e-05
"Clethrionomys_glareolus","Falco_subbuteo","S",0.1325596749678,1,3.35606789660962e-05
"Coccothraustes_coccothraustes","Falco_subbuteo","S",10.4932194159003,1,3.35606789660962e-05
"Dendrocopos_major","Falco_subbuteo","S",5.91059925105597,1,3.35606789660962e-05
"Emberiza_citrinella","Falco_subbuteo","S",75.8254776848175,1,3.35606789660962e-05
"Erithacus_rubecula","Falco_subbuteo","S",0.666080672374535,1,3.35606789660962e-05
"Fringilla_coelebs","Falco_subbuteo","S",1.68317119553995,1,3.35606789660962e-05
"Garrulus_glandarius","Falco_subbuteo","S",3.07623695890694,1,3.35606789660962e-05
"Hippolais_icterina","Falco_subbuteo","S",39.3024383188772,1,3.35606789660962e-05
"Hirundo_rustica","Falco_subbuteo","S",7727.36223297147,1,3.35606789660962e-05
"Microtus_arvalis","Falco_subbuteo","S",2.94470130962953,1,3.35606789660962e-05
"Motacilla_alba","Falco_subbuteo","S",305.568957463943,1,3.35606789660962e-05
"Motacilla_flava","Falco_subbuteo","S",4447.72593641961,1,3.35606789660962e-05
"Parus_major","Falco_subbuteo","S",11.673821355432,1,3.35606789660962e-05
"Perca_fluviatilis","Falco_subbuteo","S",2.08257017277099,1,3.35606789660962e-05
"Prunella_modularis","Falco_subbuteo","S",3.42527988942596,1,3.35606789660962e-05
"Saxicola_rubetra","Falco_subbuteo","S",386.758777079966,1,3.35606789660962e-05
"Sciurus_vulgaris","Falco_subbuteo","S",0.341072460998232,1,3.35606789660962e-05
"Sitta_europaea","Falco_subbuteo","S",11.4829413160575,1,3.35606789660962e-05
"Sylvia_communis","Falco_subbuteo","S",79.4236774360645,1,3.35606789660962e-05
"Sylvia_sp.","Falco_subbuteo","S",3.65491414346609,1,3.35606789660962e-05
"Talpa_europaea","Falco_subbuteo","S",0.0975958148334362,1,3.35606789660962e-05
"Turdus_merula","Falco_subbuteo","S",2.93833251010026,1,3.35606789660962e-05
"Turdus_philomelos","Falco_subbuteo","S",1.9486203445431,1,3.35606789660962e-05
"Undet._bats","Falco_subbuteo","S",69.5370180688232,1,3.35606789660962e-05
"Undet._birds","Falco_subbuteo","S",18.3577392017319,1,3.35606789660962e-05
"Apodemus_flavicollis","Glaucidium_passerinum","W",5.71520010953692,0.708927824742826,2.86882306533745e-05
"Carduelis_carduelis","Glaucidium_passerinum","W",682.100111686551,0.858144831412786,2.86882306533745e-05
"Carduelis_chloris","Glaucidium_passerinum","W",1562.13105935358,0.858144831412786,2.86882306533745e-05
"Carduelis_spinus","Glaucidium_passerinum","W",347.140235411906,0.858144831412786,2.86882306533745e-05
"Certhia_familiaris","Glaucidium_passerinum","W",170.915140352625,0.858144831412786,2.86882306533745e-05
"Clethrionomys_glareolus","Glaucidium_passerinum","W",39.2709153512986,0.584915760743127,2.86882306533745e-05
"Coccothraustes_coccothraustes","Glaucidium_passerinum","W",68.4889448412543,0.858144831412786,2.86882306533745e-05
"Dendrocopos_major","Glaucidium_passerinum","W",52.743787705995,0.858144831412786,2.86882306533745e-05
"Erithacus_rubecula","Glaucidium_passerinum","S",26.499424194059,1,2.86882306533745e-05
"Ficedula_albicollis","Glaucidium_passerinum","S",4.40618707011238,1,2.86882306533745e-05
"Ficedula_hypoleuca","Glaucidium_passerinum","S",67.0260609519527,1,2.86882306533745e-05
"Fringilla_coelebs","Glaucidium_passerinum","S",10.9576573465316,1,2.86882306533745e-05
"Lanius_collurio","Glaucidium_passerinum","S",8.87517496743095,1,2.86882306533745e-05
"Microtus_oeconomus","Glaucidium_passerinum","W",19.863523174697,0.617257656086952,2.86882306533745e-05
"Parus_caeruleus","Glaucidium_passerinum","W",805.8771505598,0.858144831412786,2.86882306533745e-05
"Parus_major","Glaucidium_passerinum","W",451.413913590461,0.858144831412786,2.86882306533745e-05
"Phoenicurus_phoenicurus","Glaucidium_passerinum","S",804.31273142343,1,2.86882306533745e-05
"Phylloscopus_sibilatrix","Glaucidium_passerinum","S",3.52253750988362,1,2.86882306533745e-05
"Pitymys_subterraneus","Glaucidium_passerinum","W",21.7146807165684,0.620891340088977,2.86882306533745e-05
"Pyrrhula_pyrrhula","Glaucidium_passerinum","W",349.761213896142,0.858144831412787,2.86882306533745e-05
"Regulus_regulus","Glaucidium_passerinum","W",64.3019361046507,0.858144831412786,2.86882306533745e-05
"Serinus_serinus","Glaucidium_passerinum","S",424.252869322249,1,2.86882306533745e-05
"Sicista_betulina","Glaucidium_passerinum","W",45.9289745846136,0.622625358823262,2.86882306533745e-05
"Sitta_europaea","Glaucidium_passerinum","W",195.179248825971,0.858144831412786,2.86882306533745e-05
"Sorex_araneus","Glaucidium_passerinum","W",0.919146347814857,0.746647868858074,2.86882306533745e-05
"Sylvia_atricapilla","Glaucidium_passerinum","W",41.4584200961116,0.858144831412786,2.86882306533745e-05
"Troglodytes_troglodytes","Glaucidium_passerinum","W",282.614688019663,0.858144831412787,2.86882306533745e-05
"Undet._birds","Glaucidium_passerinum","W",204.11142009737,0.858144831412787,2.86882306533745e-05
"Abramis_brama","Lutra_lutra","W",301.471805776998,1,1.383700013837e-06
"Anas_sp.","Lutra_lutra","W",1653.99623716281,0.506142054095803,1.383700013837e-06
"Apodemus_flavicollis","Lutra_lutra","W",4.7466997596214,1,1.383700013837e-06
"Astacus_sp.","Lutra_lutra","W",2001.38088103718,0.63361207835204,1.383700013837e-06
"Blicca_bjoerkna","Lutra_lutra","S",1493.13126597009,0.657889097729452,1.383700013837e-06
"Bufo_sp.","Lutra_lutra","W",303.090505645094,0.620866151425776,1.383700013837e-06
"Carassius_carassius","Lutra_lutra","S",3112.9353441962,0.172053590265912,1.383700013837e-06
"Clethrionomys_glareolus","Lutra_lutra","W",0.258007831956797,1,1.383700013837e-06
"Esox_lucius","Lutra_lutra","S",142.339015801377,0.0796135623860704,1.383700013837e-06
"Gasterosteus_aculeatus","Lutra_lutra","W",27136.4381993441,0.155852268803798,1.383700013837e-06
"Gobio_gobio","Lutra_lutra","S",17059.2797008802,0.643216697740079,1.383700013837e-06
"Gymnocephalus_cernuus","Lutra_lutra","S",5137.11971909896,0.380152560600659,1.383700013837e-06
"Lacerta_sp.","Lutra_lutra","W",0.413786145591089,1,1.383700013837e-06
"Leuciscus_idus","Lutra_lutra","W",34.9589045126121,1,1.383700013837e-06
"Lota_lota","Lutra_lutra","S",456.459880231148,0.10683947775827,1.383700013837e-06
"Misgurnus_fossilis","Lutra_lutra","W",1245.4736268141,1,1.383700013837e-06
"Neomys_fodiens","Lutra_lutra","W",58.1833988392369,1,1.383700013837e-06
"Perca_fluviatilis","Lutra_lutra","S",3277.44763208037,0.0461735841296638,1.383700013837e-06
"Rana_esculenta","Lutra_lutra","W",156.792178282663,1,1.383700013837e-06
"Rana_temporaria","Lutra_lutra","W",200.31707913192,0.630557800827644,1.383700013837e-06
"Rutilus_rutilus","Lutra_lutra","S",5187.61263809553,0.453860741332417,1.383700013837e-06
"Scardinius_erythrophthalmus","Lutra_lutra","W",362.861507650829,1,1.383700013837e-06
"Tinca_tinca","Lutra_lutra","W",105.172643636098,1,1.383700013837e-06
"Undet._amphibians","Lutra_lutra","W",187.508260922234,0.55489235473565,1.383700013837e-06
"Undet._birds","Lutra_lutra","S",47.8679422633475,1,1.383700013837e-06
"Bonasa_bonasia","Lynx_lynx","W",381.024237771526,1,1.05536441733331e-06
"Capreolus_capreolus","Lynx_lynx","W",2766.1033728039,0.141719101601515,1.05536441733331e-06
"Cervus_elaphus","Lynx_lynx","W",430.11122310344,0.246007572425605,1.05536441733331e-06
"Clethrionomys_glareolus","Lynx_lynx","W",1.53223466331362,1,1.05536441733331e-06
"Lepus_europaeus","Lynx_lynx","W",9067.02148321972,0.711845304059058,1.05536441733331e-06
"Microtus_oeconomus","Lynx_lynx","S",144.380530849908,0.534420485285602,1.05536441733331e-06
"Pitymys_subterraneus","Lynx_lynx","W",133.909584020686,1,1.05536441733331e-06
"Sciurus_vulgaris","Lynx_lynx","W",0.813510776197744,1,1.05536441733331e-06
"Sorex_araneus","Lynx_lynx","W",6.71872739270458,1,1.05536441733331e-06
"Sus_scrofa","Lynx_lynx","W",11.249962145924,1,1.05536441733331e-06
"Turdus_philomelos","Lynx_lynx","S",305.119300839021,1,1.05536441733331e-06
"Undet._amphibians","Lynx_lynx","W",1.06880410508107,1,1.05536441733331e-06
"Undet._birds","Lynx_lynx","W",21.8930291579802,1,1.05536441733331e-06
"Apodemus_agrarius","Martes_martes","W",1643.63485627853,1,7.09957509043084e-06
"Apodemus_flavicollis","Martes_martes","W",180.172673999907,0.611753955198116,7.09957509043084e-06
"Arvicola_terrestris","Martes_martes","S",62.7719901477828,0.0904764234923666,7.09957509043084e-06
"Clethrionomys_glareolus","Martes_martes","W",205.13490309065,0.534838390731598,7.09957509043084e-06
"Coccothraustes_coccothraustes","Martes_martes","S",1.91831614407875,1,7.09957509043084e-06
"Columba_palumbus","Martes_martes","S",1.10127801752169,1,7.09957509043084e-06
"Dendrocopos_major","Martes_martes","W",87.8503006795969,0.461881717897133,7.09957509043084e-06
"Erinaceus_concolor","Martes_martes","W",0.216385966410575,1,7.09957509043084e-06
"Erithacus_rubecula","Martes_martes","S",1.52211782727368,1,7.09957509043084e-06
"Ficedula_hypoleuca","Martes_martes","S",54.6445073658273,1,7.09957509043084e-06
"Garrulus_glandarius","Martes_martes","S",4.01701244760895,1,7.09957509043084e-06
"Glis_glis","Martes_martes","W",2.89923384682919,1,7.09957509043084e-06
"Lacerta_sp.","Martes_martes","W",0.134593652999517,0.000436255676113931,7.09957509043084e-06
"Lepus_europaeus","Martes_martes","W",17.718770645251,1,7.09957509043084e-06
"Micromys_minutus","Martes_martes","W",139.163224647801,1,7.09957509043084e-06
"Microtus_agrestis","Martes_martes","W",262.098767070474,0.461704656828499,7.09957509043084e-06
"Microtus_arvalis","Martes_martes","W",1287.18621575329,0.512069365046566,7.09957509043084e-06
"Microtus_oeconomus","Martes_martes","W",815.572136886929,0.339844916207825,7.09957509043084e-06
"Neomys_fodiens","Martes_martes","W",13.4395104905255,0.408814113748644,7.09957509043084e-06
"Parus_caeruleus","Martes_martes","S",53.9030982633696,1,7.09957509043084e-06
"Pitymys_subterraneus","Martes_martes","W",211.567941482112,0.664748764558546,7.09957509043084e-06
"Rana_temporaria","Martes_martes","W",0.456403071042701,0.714499323972069,7.09957509043084e-06
"Rattus_norvegicus","Martes_martes","W",1.19710300772302,1,7.09957509043084e-06
"Sciurus_vulgaris","Martes_martes","W",2.00576200726264,0.777950067239673,7.09957509043084e-06
"Sicista_betulina","Martes_martes","S",27.8519536962757,0.123415144171075,7.09957509043084e-06
"Sitta_europaea","Martes_martes","S",25.8105590041753,0.355551156788568,7.09957509043084e-06
"Sorex_araneus","Martes_martes","W",28.3426059063637,0.558741691623108,7.09957509043084e-06
"Sorex_minutus","Martes_martes","W",110.427738840223,0.600279130569335,7.09957509043084e-06
"Sturnus_vulgaris","Martes_martes","S",8.51721651120996,1,7.09957509043084e-06
"Talpa_europaea","Martes_martes","W",12.8336443559403,0.73932829416297,7.09957509043084e-06
"Troglodytes_troglodytes","Martes_martes","S",31.6631724923486,1,7.09957509043084e-06
"Turdus_merula","Martes_martes","S",1.43885026080055,1,7.09957509043084e-06
"Turdus_philomelos","Martes_martes","S",6.67943814022599,1,7.09957509043084e-06
"Undet._amphibians","Martes_martes","W",5.36805515600159,0.527407232705751,7.09957509043084e-06
"Undet._bats","Martes_martes","S",10.5936652268343,1,7.09957509043084e-06
"Undet._birds","Martes_martes","W",125.879037350424,0.0578426786816078,7.09957509043084e-06
"Anguis_fragilis","Meles_meles","S",0.26206741266689,1,2.11561855397472e-06
"Bufo_sp.","Meles_meles","S",50.5112171441358,1,2.11561855397472e-06
"Clethrionomys_glareolus","Meles_meles","S",0.918520588513855,1,2.11561855397472e-06
"Erinaceus_concolor","Meles_meles","S",1.04888088661548,1,2.11561855397472e-06
"Lacerta_sp.","Meles_meles","S",0.203967561745457,1,2.11561855397472e-06
"Lumbricidae_sp.","Meles_meles","S",157397.688047734,1,2.11561855397472e-06
"Microtus_arvalis","Meles_meles","S",142.829118010648,1,2.11561855397472e-06
"Mus_musculus","Meles_meles","S",281.06730008524,1,2.11561855397472e-06
"Pitymys_subterraneus","Meles_meles","S",10.7534117679671,1,2.11561855397472e-06
"Rana_arvalis","Meles_meles","S",38.9357298819381,1,2.11561855397472e-06
"Rana_temporaria","Meles_meles","S",4.1485948352065,1,2.11561855397472e-06
"Sorex_araneus","Meles_meles","S",3.34603928672906,1,2.11561855397472e-06
"Talpa_europaea","Meles_meles","S",3.71938682819568,1,2.11561855397472e-06
"Turdus_philomelos","Meles_meles","S",0.192888642804464,1,2.11561855397472e-06
"Undet._amphibians","Meles_meles","S",3.8461841064296,1,2.11561855397472e-06
"Undet._birds","Meles_meles","S",7.84257845702338,1,2.11561855397472e-06
"Apodemus_flavicollis","Mustela_erminea","W",68.6911841273377,0.619631901840491,1.59332714591292e-05
"Clethrionomys_glareolus","Mustela_erminea","W",31.579290237675,0.469387755102041,1.59332714591292e-05
"Microtus_oeconomus","Mustela_erminea","W",261.289824045988,0.507936507936508,1.59332714591292e-05
"Undet._amphibians","Mustela_erminea","W",11.5563591351544,0.499812523434571,1.59332714591292e-05
"Apodemus_flavicollis","Mustela_nivalis","W",60.4568513362539,0.619631896661919,1.22747581872637e-05
"Clethrionomys_glareolus","Mustela_nivalis","W",13.7003641154034,0.469387748548086,1.22747581872637e-05
"Microtus_oeconomus","Mustela_nivalis","W",78.8933841606787,0.507936501699248,1.22747581872637e-05
"Sitta_europaea","Mustela_nivalis","W",150.961526835963,0.809523806626502,1.22747581872637e-05
"Sorex_araneus","Mustela_nivalis","W",7.49719992004282,0.666666661996664,1.22747581872637e-05
"Talpa_europaea","Mustela_nivalis","W",2.85937349751854,0.666666661996664,1.22747581872637e-05
"Undet._amphibians","Mustela_nivalis","W",0.89779991566793,0.499812517128492,1.22747581872637e-05
"Undet._birds","Mustela_nivalis","W",0.725839636633454,0.809523806626502,1.22747581872637e-05
"Apodemus_flavicollis","Mustela_putorius","W",19.910227012656,0.642057866048807,6.02137588438958e-06
"Clethrionomys_glareolus","Mustela_putorius","S",7.70484459253422,0.231187106259821,6.02137588438958e-06
"Dendrocopos_major","Mustela_putorius","S",2.45911919072926,1,6.02137588438958e-06
"Gasterosteus_aculeatus","Mustela_putorius","S",3533.04503982315,0.961952649078359,6.02137588438958e-06
"Micromys_minutus","Mustela_putorius","W",65.4556017304005,1,6.02137588438958e-06
"Microtus_agrestis","Mustela_putorius","S",34.6514979721331,1,6.02137588438958e-06
"Microtus_oeconomus","Mustela_putorius","S",81.9908170792074,1,6.02137588438958e-06
"Neomys_fodiens","Mustela_putorius","S",79.5561236722012,0.720149636700303,6.02137588438958e-06
"Pitymys_subterraneus","Mustela_putorius","S",36.1580418249512,1,6.02137588438958e-06
"Rana_arvalis","Mustela_putorius","W",933.957840059359,0.652892718840117,6.02137588438958e-06
"Rana_temporaria","Mustela_putorius","W",33.9028307302902,0.635194098205708,6.02137588438958e-06
"Sorex_araneus","Mustela_putorius","S",11.1831654614329,0.612893665621947,6.02137588438958e-06
"Sorex_minutus","Mustela_putorius","S",105.755076034043,0.803512447022401,6.02137588438958e-06
"Talpa_europaea","Mustela_putorius","W",0.393717905145268,1,6.02137588438958e-06
"Turdus_merula","Mustela_putorius","S",0.698571648990492,1,6.02137588438958e-06
"Undet._birds","Mustela_putorius","S",6.85500617839546,0.876531189682297,6.02137588438958e-06
"Apodemus_flavicollis","Mustela_vison","W",0.511872183878932,1,7.87277594079672e-06
"Arvicola_terrestris","Mustela_vison","W",1183.9569693589,0.502116112949009,7.87277594079672e-06
"Astacus_sp.","Mustela_vison","W",105.771753592529,1,7.87277594079672e-06
"Clethrionomys_glareolus","Mustela_vison","W",12.2420833841271,1,7.87277594079672e-06
"Esox_lucius","Mustela_vison","S",8.1738864486821,0.377874238593722,7.87277594079672e-06
"Gasterosteus_aculeatus","Mustela_vison","S",7051.64851640588,0.323102591358504,7.87277594079672e-06
"Gymnocephalus_cernuus","Mustela_vison","S",1533.27004639847,0.826664526457646,7.87277594079672e-06
"Lota_lota","Mustela_vison","S",109.2594781199,0.826664526457646,7.87277594079672e-06
"Microtus_oeconomus","Mustela_vison","W",1462.89268553297,0.827306999197544,7.87277594079672e-06
"Neomys_fodiens","Mustela_vison","W",132.514806793004,0.420449184553418,7.87277594079672e-06
"Pitymys_subterraneus","Mustela_vison","W",9.72633057256853,1,7.87277594079672e-06
"Rana_temporaria","Mustela_vison","W",24.6803116380984,0.583011709845776,7.87277594079672e-06
"Rutilus_rutilus","Mustela_vison","S",581.45735155558,0.763764785060165,7.87277594079672e-06
"Sicista_betulina","Mustela_vison","W",0.809061132742851,1,7.87277594079672e-06
"Sorex_araneus","Mustela_vison","S",14.78665261459,0.0099075015707442,7.87277594079672e-06
"Talpa_europaea","Mustela_vison","W",9.61626946345786,1,7.87277594079672e-06
"Undet._amphibians","Mustela_vison","W",11.450580349464,1,7.87277594079672e-06
"Undet._birds","Mustela_vison","W",23.6022616682984,0.684339402170357,7.87277594079672e-06
"Anas_sp.","Nyctereutes_procyonoides","S",57.4310879727729,1,2.62425864693224e-06
"Apodemus_flavicollis","Nyctereutes_procyonoides","W",7.02789991903351,1,2.62425864693224e-06
"Arvicola_terrestris","Nyctereutes_procyonoides","S",92.2196013642802,1,2.62425864693224e-06
"Bufo_sp.","Nyctereutes_procyonoides","W",14.2364955030093,0.359582559889661,2.62425864693224e-06
"Carcass","Nyctereutes_procyonoides","S",55636.1952911466,0.0271265437848139,2.62425864693224e-06
"Clethrionomys_glareolus","Nyctereutes_procyonoides","S",19.2022993703289,0.232675291245793,2.62425864693224e-06
"Cygnus_sp.","Nyctereutes_procyonoides","W",125.628940144926,1,2.62425864693224e-06
"Garrulus_glandarius","Nyctereutes_procyonoides","S",294.77326408643,0.578899911861118,2.62425864693224e-06
"Lacerta_sp.","Nyctereutes_procyonoides","W",1.75041774367385,1,2.62425864693224e-06
"Lepus_europaeus","Nyctereutes_procyonoides","W",4.60671438270163,1,2.62425864693224e-06
"Microtus_oeconomus","Nyctereutes_procyonoides","W",409.104497282994,0.960452946521538,2.62425864693224e-06
"Neomys_fodiens","Nyctereutes_procyonoides","S",137.462078589979,0.149497583539789,2.62425864693224e-06
"Rana_temporaria","Nyctereutes_procyonoides","W",9.79963825433756,0.0207145313209657,2.62425864693224e-06
"Sorex_araneus","Nyctereutes_procyonoides","W",51.4438268342888,0.325690013826673,2.62425864693224e-06
"Talpa_europaea","Nyctereutes_procyonoides","W",3.20221001039899,0.812339062319667,2.62425864693224e-06
"Undet._amphibians","Nyctereutes_procyonoides","S",10.279338402088,0.0742018032330022,2.62425864693224e-06
"Undet._birds","Nyctereutes_procyonoides","S",37.6917833115383,0.172510420759343,2.62425864693224e-06
"Columba_palumbus","Pernis_apivorus","S",4.04510588689557,1,2.20279479589729e-05
"Erithacus_rubecula","Pernis_apivorus","S",5.59089320379741,1,2.20279479589729e-05
"Hymenoptera","Pernis_apivorus","S",86072.475,1,2.20279479589729e-05
"Rana_temporaria","Pernis_apivorus","S",1.03700470040415,1,2.20279479589729e-05
"Sorex_araneus","Pernis_apivorus","S",0.225182911706349,1,2.20279479589729e-05
"Talpa_europaea","Pernis_apivorus","S",0.068265977443609,1,2.20279479589729e-05
"Turdus_merula","Pernis_apivorus","S",3.52336198956889,1,2.20279479589729e-05
"Turdus_philomelos","Pernis_apivorus","S",2.33659561348607,1,2.20279479589729e-05
"Acrocephalus_sp.","Strix_aluco","S",25.6168301616183,1,2.25084294068129e-05
"Anthus_sp.","Strix_aluco","S",2.84631446240204,1,2.25084294068129e-05
"Apodemus_agrarius","Strix_aluco","W",22.7296044106537,1,2.25084294068129e-05
"Apodemus_flavicollis","Strix_aluco","W",125.990347084693,0.719841095667727,2.25084294068129e-05
"Apodemus_sylvaticus","Strix_aluco","W",639.255507070817,0.798263339703166,2.25084294068129e-05
"Arvicola_terrestris","Strix_aluco","W",108.267098862651,0.633495387646156,2.25084294068129e-05
"Carduelis_carduelis","Strix_aluco","W",1419.09445618757,0.812698381185237,2.25084294068129e-05
"Clethrionomys_glareolus","Strix_aluco","W",54.4036407957111,0.673191228666313,2.25084294068129e-05
"Coccothraustes_coccothraustes","Strix_aluco","W",26.7168301990645,0.812698381185236,2.25084294068129e-05
"Dryomys_nitedula","Strix_aluco","S",56.894678414482,1,2.25084294068129e-05
"Erithacus_rubecula","Strix_aluco","S",0.661764249552911,1,2.25084294068129e-05
"Ficedula_albicollis","Strix_aluco","S",3.45823448231323,1,2.25084294068129e-05
"Fringilla_coelebs","Strix_aluco","S",1.54362802162558,1,2.25084294068129e-05
"Garrulus_glandarius","Strix_aluco","W",59.1279656309446,0.143429195701187,2.25084294068129e-05
"Glis_glis","Strix_aluco","S",70.5256951179516,1,2.25084294068129e-05
"Lepus_europaeus","Strix_aluco","S",20.1846779324777,0.0676917720972908,2.25084294068129e-05
"Micromys_minutus","Strix_aluco","W",53.8491248588886,0.524828790600721,2.25084294068129e-05
"Microtus_agrestis","Strix_aluco","W",48.9001722151987,0.520135272271341,2.25084294068129e-05
"Microtus_arvalis","Strix_aluco","W",367.206503192828,0.585704039459326,2.25084294068129e-05
"Microtus_oeconomus","Strix_aluco","W",517.777013958174,0.636987076974018,2.25084294068129e-05
"Mus_musculus","Strix_aluco","W",106.668409637884,0.924437989940846,2.25084294068129e-05
"Neomys_anomalus","Strix_aluco","S",0.511751075685819,1,2.25084294068129e-05
"Neomys_fodiens","Strix_aluco","W",17.6208648246048,0.901982116222358,2.25084294068129e-05
"Parus_major","Strix_aluco","W",22.5738380888521,0.657474548176383,2.25084294068129e-05
"Pelobates_fuscus","Strix_aluco","W",67.4863074664388,0.545017860750217,2.25084294068129e-05
"Pitymys_subterraneus","Strix_aluco","W",47.1066139167747,0.585403401158587,2.25084294068129e-05
"Pyrrhula_pyrrhula","Strix_aluco","W",82.4404577645445,1,2.25084294068129e-05
"Rana_arvalis","Strix_aluco","W",69.7296546972,0.366170906751895,2.25084294068129e-05
"Rana_temporaria","Strix_aluco","W",2.25455489461933,0.267113516334378,2.25084294068129e-05
"Rattus_norvegicus","Strix_aluco","W",148.328999105653,1,2.25084294068129e-05
"Regulus_regulus","Strix_aluco","W",6.0625144664417,1,2.25084294068129e-05
"Sicista_betulina","Strix_aluco","S",2.2406406477856,0.517814739757839,2.25084294068129e-05
"Sitta_europaea","Strix_aluco","S",3.80284268750358,1,2.25084294068129e-05
"Sorex_araneus","Strix_aluco","W",38.2883819630136,0.553084363560353,2.25084294068129e-05
"Sorex_minutus","Strix_aluco","W",56.4618052913523,0.558146169592904,2.25084294068129e-05
"Sylvia_atricapilla","Strix_aluco","S",1.61553905598361,1,2.25084294068129e-05
"Talpa_europaea","Strix_aluco","W",12.0581841484678,0.187829658925676,2.25084294068129e-05
"Troglodytes_troglodytes","Strix_aluco","S",6.88302679576194,1,2.25084294068129e-05
"Turdus_iliacus","Strix_aluco","S",214.901067617224,1,2.25084294068129e-05
"Turdus_merula","Strix_aluco","S",8.89688729797145,1,2.25084294068129e-05
"Turdus_philomelos","Strix_aluco","S",7.2830199348554,1,2.25084294068129e-05
"Undet._birds","Strix_aluco","S",26.7108427186015,0.00626532079753099,2.25084294068129e-05
"Apodemus_agrarius","Vulpes_vulpes","W",528.409538619959,1,2.31161494042968e-06
"Apodemus_flavicollis","Vulpes_vulpes","W",87.9883923342526,0.372566242471513,2.31161494042968e-06
"Arvicola_terrestris","Vulpes_vulpes","S",182.920311049256,1,2.31161494042968e-06
"Bonasa_bonasia","Vulpes_vulpes","S",4.34832342487289,0.0120801600061438,2.31161494042968e-06
"Carcass","Vulpes_vulpes","W",69455.237912126,0.011396205323104,2.31161494042968e-06
"Clethrionomys_glareolus","Vulpes_vulpes","W",97.2119155932716,0.581563858260777,2.31161494042968e-06
"Coccothraustes_coccothraustes","Vulpes_vulpes","S",3.84468884847521,1,2.31161494042968e-06
"Dendrocopos_major","Vulpes_vulpes","W",198.181006879631,1,2.31161494042968e-06
"Emberiza_citrinella","Vulpes_vulpes","W",125.551135113431,1,2.31161494042968e-06
"Erithacus_rubecula","Vulpes_vulpes","S",0.305062825783331,1,2.31161494042968e-06
"Fringilla_coelebs","Vulpes_vulpes","S",1.18598006906934,1,2.31161494042968e-06
"Garrulus_glandarius","Vulpes_vulpes","W",117.880575850017,1,2.31161494042968e-06
"Glis_glis","Vulpes_vulpes","W",5.96524830707688,1,2.31161494042968e-06
"Lacerta_sp.","Vulpes_vulpes","S",0.134817446233237,1,2.31161494042968e-06
"Lepus_europaeus","Vulpes_vulpes","S",1903.52209401086,0.0960114218273337,2.31161494042968e-06
"Micromys_minutus","Vulpes_vulpes","W",98.3928370546492,0.940059373635477,2.31161494042968e-06
"Microtus_agrestis","Vulpes_vulpes","W",716.864083305056,0.581726246284429,2.31161494042968e-06
"Microtus_arvalis","Vulpes_vulpes","W",7976.92484121521,0.382328581589553,2.31161494042968e-06
"Microtus_oeconomus","Vulpes_vulpes","W",4952.76662093326,0.616901576164821,2.31161494042968e-06
"Neomys_fodiens","Vulpes_vulpes","W",55.1539332837247,0.954171938699286,2.31161494042968e-06
"Parus_major","Vulpes_vulpes","W",8.69823316867437,1,2.31161494042968e-06
"Pitymys_subterraneus","Vulpes_vulpes","S",17.0256885794757,0.113256693339176,2.31161494042968e-06
"Pyrrhula_pyrrhula","Vulpes_vulpes","S",39.2683240138239,1,2.31161494042968e-06
"Rattus_norvegicus","Vulpes_vulpes","W",123.153513436426,1,2.31161494042968e-06
"Sciurus_vulgaris","Vulpes_vulpes","W",2.26839812444008,0.212987230157437,2.31161494042968e-06
"Sicista_betulina","Vulpes_vulpes","S",0.783875278098739,1,2.31161494042968e-06
"Sorex_araneus","Vulpes_vulpes","W",26.9698990330845,0.872437731631776,2.31161494042968e-06
"Sorex_minutus","Vulpes_vulpes","W",237.284717665996,0.826014509548067,2.31161494042968e-06
"Talpa_europaea","Vulpes_vulpes","W",11.2277549784401,0.840756866053063,2.31161494042968e-06
"Troglodytes_troglodytes","Vulpes_vulpes","W",30.9722134323826,1,2.31161494042968e-06
"Turdus_philomelos","Vulpes_vulpes","S",6.37472792432204,1,2.31161494042968e-06
"Undet._amphibians","Vulpes_vulpes","S",0.45136278598348,0.733029480157452,2.31161494042968e-06
"Undet._birds","Vulpes_vulpes","W",23.6902440829744,0.146093234148228,2.31161494042968e-06
